<?xml version='1.0' encoding='UTF-8'?>
<web-app xsi:schemaLocation='http://java.sun.com/xml/ns/javaee http://java.sun.com/xml/ns/javaee/web-app_2_5.xsd' version='2.5' xmlns='http://java.sun.com/xml/ns/javaee' xmlns:xsi='http://www.w3.org/2001/XMLSchema-instance'>
    <listener>
        <listener-class> org.springframework.web.context.ContextLoaderListener </listener-class>
    </listener>
    <context-param>
        <param-name> contextInitializerClasses </param-name>
        <param-value>
            com.gopivotal.test,org.cloudfoundry.reconfiguration.spring.CloudProfileApplicationContextInitializer,org.cloudfoundry.reconfiguration.spring.CloudPropertySourceApplicationContextInitializer,org.cloudfoundry.reconfiguration.spring.CloudAutoReconfigurationApplicationContextInitializer
        </param-value>
    </context-param>
</web-app>
