<?xml version='1.0' encoding='UTF-8'?>
<web-app xsi:schemaLocation='http://java.sun.com/xml/ns/javaee http://java.sun.com/xml/ns/javaee/web-app_2_5.xsd' version='2.5' xmlns='http://java.sun.com/xml/ns/javaee' xmlns:xsi='http://www.w3.org/2001/XMLSchema-instance'>

    <servlet>
        <servlet-name>test</servlet-name>
        <servlet-class>org.springframework.web.servlet.DispatcherServlet</servlet-class>
        <init-param>
            <param-name>
                contextInitializerClasses
            </param-name>
            <param-value>
                com.gopivotal.test
            </param-value>
        </init-param>
    </servlet>

</web-app>
